firm_name,contact_name,email,mobile,city,state,category,website
Studio Morphogenesis,Rahul Sharma,rahul@studiomorph.com,+919825112345,Mumbai,Maharashtra,Architecture & Urban Design,https://studiomorph.example
Aakar Design Studio,Priya Mehta,priya.mehta@aakardesign.in,+919876543210,Ahmedabad,Gujarat,Luxury Residential & Commercial,https://aakardesign.example
Vistara Architects,Amit Verma,info@vistara-arch.org,,Bengaluru,Karnataka,High-Rise & Commercial,https://vistara-arch.example
Zenith Interiors,Neha Patel,neha@zenithinteriors.com,+919898012345,Surat,Gujarat,Luxury Interior Architecture,https://zenithinteriors.example
Kala Kendra Architects,Ananya Iyer,ananya@kalakendra.in,+919812345678,Chennai,Tamil Nadu,Heritage & Contemporary Architecture,https://kalakendra.example
Opus Architecture,Siddharth Roy,siddharth@opusarch.com,+919830012345,Kolkata,West Bengal,Hospitality & Retail Architecture,https://opusarch.example
Space Matrix Design,Tanvi Desai,tanvi@spacematrix.co,+919898989898,Vadodara,Gujarat,Architecture & Interior,https://spacematrix.example
Dwell Architects,Karan Kapoor,karan@dwellarchitects.com,+919845012345,Hyderabad,Telangana,Bespoke Villa Architecture,https://dwellarchitects.example
Linear Studio,Meera Joshi,meera@linearstudio.in,+919723456789,Pune,Maharashtra,Modern Architecture & Facades,https://linearstudio.example
